?XΡ–Ψ‰Z,‚³‚η‚³‚Ϊ‚―,t,2,3
XΡ–Ψ@,‚³‚η‚³‚ΰ‚­‚κ‚ρ,t,2,3
•S“ϊg,‚³‚ι‚·‚Χ‚θ,‰Δ,2,3
‘ςI,‚³‚ν‚‚Ι,‰Δ,1,2
‘ς‹j[,‚³‚ν‚¬‚«‚ε‚¤,H,1,2
‘ςΣ“,‚³‚ν‚®‚ι‚έ,H,1,2
‘u‚β‚©,‚³‚ν‚β‚©,H,1,2
‘n,‚³‚ν‚η‚Ρ,t,1,2
cις,‚΄‚ρ‚¨‚¤,‰Δ,1,2
O‰Δ,‚³‚ρ‚©,‰Δ,1,2
c‰Τ,‚΄‚ρ‚©,‰Δ,1,2
R‰Ζυ,‚³‚ρ‚©‚«,t,2,3
O,‚³‚ρ‚‚Β,t,1,2
Os,‚³‚ρ‚‚Β‚¶‚ρ,t,2,4
Oƒ–“ϊ,‚³‚ρ‚‚Ι‚Ώ,V,2,3
O¦,‚³‚ρ‚©‚ρ,“~,1,2
O¦l‰·,‚³‚ρ‚©‚ρ‚µ‚¨‚ρ,“~,2,4
O‹Sυ,‚³‚ρ‚«‚«,t,2,3
c‹e,‚΄‚ρ‚¬‚­,H,1,2
O‹`’·,‚³‚ρ‚¬‚Ώ‚ε‚¤,V,1,2
OFδΏ,‚³‚ρ‚µ‚«‚·‚έ‚κ,t,2,4
OΪQ,‚³‚ρ‚¶‚α‚­‚Λ,‰Δ,1,2
OH,‚³‚ρ‚µ‚γ‚¤,H,1,2
c‹,‚΄‚ρ‚µ‚ε,H,1,2
cα,‚΄‚ρ‚Ή‚Β,t,1,2
O“~,‚³‚ρ‚Ζ‚¤,“~,1,2
O‚Μ“Ρ,‚³‚ρ‚Μ‚Ζ‚θ,“~,2,3
H“‹›,‚³‚ρ‚ά,H,2,2
’Ε‘ω,‚µ‚Ά‚½‚―,H,1,2
‰–h‚Ζ‚ρ‚Ϊ,‚µ‚¨‚©‚η‚Ζ‚ρ‚Ϊ,H,2,4
‰–ψ,‚µ‚¨‚΄‚―,“~,1,2
’±,‚µ‚¨‚Π,t,1,2
’±λ,‚µ‚¨‚Π‚‚θ,t,2,3
‡‰‘,‚µ‚¨‚ρ,H,1,1
l‰·,‚µ‚¨‚ρ,H,1,1
‡‰‘‚Μ‰θ,‚µ‚¨‚ρ‚Μ‚ί,t,3,4
­,‚µ‚©,H,,
l,‚µ‚‚Β,t,1,1
l”n­,‚µ‚‚Β‚Ξ‚©,t,2,3
­‚ΜΊ,‚µ‚©‚Μ‚±‚¦,H,2,3
­‚ΜpΨ,‚µ‚©‚Μ‚Β‚Μ‚«‚θ,H,2,3
­“J,‚µ‚©‚Τ‚¦,H,1,2
­ρ‚Ή,‚µ‚©‚ζ‚Ή,H,1,2
q‹Kυ,‚µ‚«‚«,H,2,2
•~—’c,‚µ‚«‚Τ‚Ζ‚ρ,“~,1,2
‰J‚ι‚ι,‚µ‚®‚ι‚ι,“~,2,2
‰J,‚µ‚®‚κ,“~,1,1
‰Jυ,‚µ‚®‚κ‚«,“~,2,3
–Ξ,‚µ‚°‚θ,‰Δ,,
d–n,‚µ‚²‚Ζ‚Ν‚¶‚ί,V,2,3
‚q“,‚µ‚µ‚‚µ‚η,V,2,2
’–λ,‚µ‚µ‚‚θ,“~,1,2
’nΕ‹,‚¶‚µ‚Ξ‚Ά,H,1,1
‚q•‘,‚µ‚µ‚ά‚Ά,V,2,2
ε„,‚µ‚¶‚έ,t,,
ε„”„,‚µ‚¶‚έ‚¤‚θ,t,1,3
ε„M,‚µ‚¶‚έ‚Τ‚Λ,t,1,3
‚µ‚Γ‚θα,‚µ‚Έ‚θ‚δ‚«,“~,3,3
‡‘h,‚µ‚»,‰Δ,1,1
’n‘ ‰ο,‚¶‚Ό‚¤‚¦,H,2,3
’n‘ –~,‚¶‚Ό‚¤‚Ϊ‚ρ,H,2,3
’n‘ w,‚¶‚Ό‚¤‚ΰ‚¤‚Ε,H,2,3
‡‘h‚Μ‰Τ,‚µ‚»‚Μ‚Ν,‰Δ,2,3
•S,‚µ‚Ύ,V,1,1
‘γΥ,‚¶‚Ύ‚Ά‚ά‚Β‚θ,H,2,3
“H‚θ,‚µ‚½‚½‚θ,‰Δ,1,3
“H‚ι,‚µ‚½‚½‚ι,‰Δ,1,3
‰Ί–G,‚µ‚½‚ΰ‚¦,t,1,2
‰ΊΕ,‚µ‚½‚β‚έ,‰Δ,1,2
}‚”~,‚µ‚Ύ‚κ‚¤‚ί,t,2,3
}‚χ,‚µ‚Ύ‚κ‚΄‚­‚η,t,2,3
}‚–φ,‚µ‚Ύ‚κ‚β‚Θ‚¬,t,2,3
µ,‚µ‚Ώ‚‚Β,‰Δ,1,2
µάO,‚µ‚Ώ‚²‚³‚ρ,“~,1,2
µ•Ο‰»,‚µ‚Ώ‚Φ‚ρ‚°,‰Δ,1,2
•ΌhΞ,‚Π‚Ε‚±‚Τ‚µ,t,1,2
©‘R’,‚¶‚Λ‚ρ‚¶‚ε,H,2,3
©‘R’@‚θ,‚¶‚Λ‚ρ‚¶‚ε‚Ω‚θ,H,3,5
’n–I,‚¶‚Ξ‚Ώ,t,1,1
Ε‰Ξ,‚µ‚Ξ‚Ρ,t,1,2
ΕΔ‚­,‚µ‚Ξ‚β‚­,t,1,2
€l‰Τ,‚µ‚Ρ‚Ζ‚Ξ‚Θ,H,2,3
a`,‚µ‚Τ‚‚«,H,1,2
’nα,‚¶‚Σ‚Τ‚«,“~,1,1
l–Zη“ϊ,‚µ‚ά‚ρ‚λ‚­‚Ή‚ρ‚Ι‚Ώ,‰Δ,2,3
†‹›,‚µ‚έ,‰Δ,1,1
΄…,‚µ‚έ‚Έ,‰Δ,1,1
“€‚ή,‚µ‚ή,“~,1,1
––±n,‚¶‚ή‚Ν‚¶‚ί,V,2,2
’Aό,‚µ‚ί‚©‚΄‚θ,V,2,2
’Aό‚ι,‚µ‚ί‚©‚΄‚ι,“~,2,2
’A•°‚­,‚µ‚ί‚½‚­,V,2,2
’A–α,‚µ‚ί‚ΰ‚η‚Ά,V,2,2
‘,‚µ‚ΰ,“~,,
‡–Ψ@,‚µ‚ΰ‚­‚κ‚ρ,t,1,1
‘,‚µ‚ΰ‚Β‚«,“~,1,2
‘‚ΜΊ,‚µ‚ΰ‚Μ‚±‚¦,“~,2,3
‘‚Μ‰Τ,‚µ‚ΰ‚Μ‚Ν‚Θ,“~,2,3
‘’,‚µ‚ΰ‚Ξ‚µ‚η,“~,1,2
‘°,‚µ‚ΰ‚Ξ‚κ,“~,1,2
‘–ι,‚µ‚ΰ‚ζ,“~,1,2
’δ®‚Μ‰Τ,‚µ‚α‚‚Μ‚Ν‚Θ,‰Δ,3,4
δ‰–ς,‚µ‚α‚­‚β‚­,‰Δ,1,3
δ‰–ς‚Μ‰θ,‚µ‚α‚­‚β‚­‚Μ‚ί,t,3,6
Φ‚Μ•E‚Μΐ,‚¶‚α‚Μ‚Π‚°‚Μ‚έ,“~,4,5
Ξ²‹Κ,‚µ‚α‚Ϊ‚ρ‚Ύ‚ά,t,2,4
O–΅ό‘,‚µ‚α‚έ‚Ή‚ρ‚®‚³,t,3,5
HΣ,‚µ‚γ‚¤‚Ά,H,1,3
\κ,‚¶‚γ‚¤‚Ά‚Ώ‚‚Β,“~,2,5
ι…‰J,‚µ‚γ‚¤‚¤,‰Δ,1,3
H‰,‚µ‚γ‚¤‚¦‚ρ,H,1,3
ϋn,‚µ‚γ‚¤‚©‚­,H,1,3
\,‚¶‚γ‚¤‚‚Β,H,1,3
H],‚µ‚γ‚¤‚±‚¤,H,1,3
\ά“ϊ³,‚¶‚γ‚¤‚²‚Ι‚Ώ‚µ‚ε‚¤‚‚Β,V,3,6
\ά–ι,‚¶‚γ‚¤‚²‚β,H,2,4
\O–ι,‚¶‚γ‚¤‚³‚ρ,H,2,5
Hv,‚µ‚γ‚¤‚µ,H,1,3
HΊ,‚µ‚γ‚¤‚Ή‚Ά,H,1,3
Iν‹L”O“ϊ,‚µ‚γ‚¤‚Ή‚ρ‚«‚Λ‚ρ‚Ρ,H,2,5
Iν“ϊ,‚µ‚γ‚¤‚Ή‚ρ‚Ρ,H,2,5
d‹l,‚¶‚γ‚¤‚Γ‚ί,V,1,3
H“V,‚µ‚γ‚¤‚Δ‚ρ,H,1,3
H“•,‚µ‚γ‚¤‚Ζ‚¤,H,1,3
\“ρ,‚¶‚γ‚¤‚Ι‚‚Β,“~,2,4
H•,‚µ‚γ‚¤‚Τ‚ρ,H,1,3
\–ι,‚¶‚γ‚¤‚β,“~,1,3
\–ι,‚¶‚γ‚¤‚β‚‚δ,“~,2,4
\–ς,‚¶‚γ‚¤‚β‚­,‰Δ,1,3
\–ι”O•§,‚¶‚γ‚¤‚β‚Λ‚ρ‚Τ‚Β,“~,2,4
\–ι”k,‚¶‚γ‚¤‚β‚Ξ‚Ξ,“~,2,4
HθΑ,‚µ‚γ‚¤‚θ‚ρ,H,1,3
ι‰Δ,‚µ‚γ‚©,‰Δ,1,2
n`,‚¶‚γ‚­‚µ,H,1,2
”μq,‚¶‚γ‚Έ‚²,t,2,3
i‹C,‚µ‚γ‚Α‚«,V,1,3
σ“οί,‚¶‚γ‚Θ‚ρ‚Ή‚Β,t,2,4
C“ρ‰ο,‚µ‚γ‚Ι‚¦,t,2,3
λ—Β,‚µ‚γ‚θ‚ε‚¤,“~,1,2
t‰A,‚µ‚γ‚ρ‚Ά‚ρ,t,1,3
t¦,‚µ‚γ‚ρ‚©‚ρ,t,1,3
t‹Ε,‚µ‚γ‚ρ‚¬‚ε‚¤,t,1,3
t,‚µ‚γ‚ρ‚°‚Β,t,1,3
t“ϊ,‚µ‚γ‚ρ‚¶‚Β,t,1,3
tD,‚µ‚γ‚ρ‚µ‚γ‚¤,t,1,3
to,‚µ‚γ‚ρ‚¶‚ρ,t,1,3
t…,‚µ‚γ‚ρ‚·‚Ά,t,1,3
t―,‚µ‚γ‚ρ‚Ή‚Ά,t,1,3
t―υ,‚µ‚γ‚ρ‚Ή‚Ά‚«,“~,2,5
tα,‚µ‚γ‚ρ‚Ή‚Β,t,1,3
t‘,‚µ‚γ‚ρ‚»‚¤,t,1,3
t’‹,‚µ‚γ‚ρ‚Ώ‚γ‚¤,t,1,3
t’,‚µ‚γ‚ρ‚Ώ‚ε‚¤,t,1,3
t“D,‚µ‚γ‚ρ‚Ε‚Ά,t,1,3
t“•,‚µ‚γ‚ρ‚Ζ‚¤,t,1,3
t•—,‚µ‚γ‚ρ‚Υ‚¤,t,1,3
t•,‚µ‚γ‚ρ‚Υ‚­,t,1,3
t•,‚µ‚γ‚ρ‚Τ‚ρ,t,1,3
t–°,‚µ‚γ‚ρ‚έ‚ρ,t,1,3
t—‹,‚µ‚γ‚ρ‚η‚Ά,t,1,3
tθΑ,‚µ‚γ‚ρ‚θ‚ρ,t,1,3
t—δ,‚µ‚γ‚ρ‚κ‚Ά,t,1,3
³,‚µ‚ε‚¤‚‚Β,V,1,3
³‚Μ‘ϊ,‚µ‚ε‚¤‚‚Β‚Μ‚½‚±,V,2,5
¬¦,‚µ‚ε‚¤‚©‚ρ,“~,1,3
αq,‚µ‚ε‚¤‚¶,“~,1,3
αqτ‚Σ,‚µ‚ε‚¤‚¶‚ ‚η‚¤,H,2,4
αq“\‚ι,‚µ‚ε‚¤‚¶‚Ν‚ι,H,2,4
ΰΝX–Ψ,‚µ‚ε‚¤‚¶‚ε‚¤‚Ϊ‚­,“~,2,6
ΡκO,‚¶‚ε‚¤‚Ρ‚½‚«,H,1,4
‰Y‰€,‚µ‚ε‚¤‚Τ‚¦‚ρ,‰Δ,2,4
‰Yπ,‚µ‚ε‚¤‚Τ‚΄‚―,‰Δ,2,4
‰Y“c,‚µ‚ε‚¤‚Τ‚Ύ,‰Δ,2,4
‰Y‚Μ“ϊ,‚µ‚ε‚¤‚Τ‚Μ‚Π,‰Δ,3,5
‰Y‚Μ‰θ,‚µ‚ε‚¤‚Τ‚Μ‚ί,t,3,5
‰Y•‚­,‚µ‚ε‚¤‚Τ‚Σ‚­,‰Δ,2,4
‰Y“’,‚µ‚ε‚¤‚Τ‚δ,‰Δ,2,4
Α–ho‰®,‚µ‚ε‚¤‚Ϊ‚¤‚Ε‚Ό‚ί‚µ‚«,V,2,5
Έ—μ’I,‚µ‚ε‚¤‚θ‚ε‚¤‚Ύ‚Θ,H,2,6
Έ—με‘εx,‚µ‚ε‚¤‚θ‚ε‚¤‚Ζ‚ρ‚Ϊ,H,2,6
Έ—μ—¬‚µ,‚µ‚ε‚¤‚θ‚ε‚¤‚Θ‚‚µ,H,2,6
Έ—μM,‚µ‚ε‚¤‚θ‚ε‚¤‚Τ‚Λ,H,2,6
Έ—μΥ,‚µ‚ε‚¤‚θ‚ε‚¤‚ά‚Β‚θ,H,2,6
—‰¤–I,‚¶‚ε‚¨‚¤‚Ξ‚Ώ,t,2,4
‰‰Δ,‚µ‚ε‚©,‰Δ,1,2
D—,‚µ‚ε‚­‚¶‚ε,H,1,3
η‹,‚¶‚ε‚­‚µ‚ε,‰Δ,1,3
‰H,‚µ‚ε‚µ‚γ‚¤,H,1,2
α,‚¶‚ε‚Ή‚Β,“~,1,2
‹’†‹x‰Ι,‚µ‚ε‚Ώ‚γ‚¤‚«‚γ‚¤‚©,‰Δ,2,5
–ι,‚¶‚ε‚β,“~,1,2
–ι‚Μΰ,‚¶‚ε‚β‚Μ‚©‚Λ,“~,3,4
–ιw,‚¶‚ε‚β‚ΰ‚¤‚Ε,“~,2,3
”’‘§,‚µ‚η‚Ά‚«,“~,1,2
”’‹›,‚µ‚η‚¤‚¨,t,1,2
”’‹›–Τ,‚µ‚η‚¨‚ ‚έ,t,2,3
”’‹›‰Ξ,‚µ‚η‚¨‚Ρ,t,2,3
”’‹›M,‚µ‚η‚¨‚Τ‚Λ,t,2,3
”’‹e,‚µ‚η‚¬‚­,H,1,2
”’”‹,‚µ‚η‚Ν‚¬,H,1,2
‰z‰Z,‚µ‚η‚¤‚θ,‰Δ,1,2
‘γ‘~‚­,‚µ‚λ‚©‚«,‰Δ,1,2
”’d,‚µ‚λ‚‚³‚Λ,‰Δ,1,2
”’γR,‚µ‚λ‚‚·‚θ,‰Δ,1,2
”’C,‚µ‚λ‚®‚Β,‰Δ,1,2
”’π,‚µ‚λ‚΄‚―,t,1,2
”’’n,‚µ‚λ‚¶,‰Δ,1,2
”’’±,‚µ‚λ‚Ώ‚ε‚¤,t,1,2
”’ηUηP,‚µ‚λ‚Β‚Β‚¶,t,1,2
”’’Φ,‚µ‚λ‚Β‚Ξ‚«,t,1,2
”’‹l‘,‚µ‚λ‚Β‚ί‚­‚³,t,2,4
”’“μ•—,‚µ‚λ‚Ν‚¦,‰Δ,1,2
”’“΅,‚µ‚λ‚Σ‚¶,t,1,2
”’•‡—u,‚µ‚λ‚Σ‚ζ‚¤,H,1,2
”’–ΨΫ,‚µ‚λ‚ή‚­‚°,H,1,2
”’R,‚µ‚λ‚β‚ά‚Τ‚«,t,1,2
t‘–,‚µ‚ν‚·,“~,1,1
P,‚µ‚ν‚Τ‚«,“~,,
V¬“¤,‚µ‚ρ‚ ‚Έ‚«,H,1,2
V“,‚µ‚ρ‚Ά‚ΰ,H,1,2
ε‡‹CO,‚µ‚ρ‚«‚λ‚¤,t,2,3
V—ο,‚µ‚ρ‚²‚ζ‚έ,t,1,2
kΠυ,‚µ‚ρ‚³‚Ά‚«,H,2,4
kΠ‹L”O“ϊ,‚µ‚ρ‚³‚Ά‚«‚Λ‚ρ‚Ρ,H,2,4
l“ϊ,‚¶‚ρ‚¶‚Β,V,1,2
Vπ,‚µ‚ρ‚µ‚γ,H,1,2
Vχ,‚µ‚ρ‚¶‚γ,‰Δ,1,2
Vt,‚µ‚ρ‚µ‚γ‚ρ,V,1,2
Vα,‚µ‚ρ‚Ή‚Β,“~,1,2
V‹Ό”,‚µ‚ρ‚»‚Ξ,H,1,2
V‘ε“¤,‚µ‚ρ‚Ύ‚Ά‚Έ,H,1,2
VΌq,‚µ‚ρ‚Ώ‚ΐ‚θ,H,1,2
V’ƒ,‚µ‚ρ‚Ώ‚α,‰Δ,1,2
’Ύ’,‚¶‚ρ‚Ώ‚ε‚¤,t,1,2
’Ύ’‰Τ,‚¶‚ρ‚Ώ‚ε‚¤‚°,t,2,5
V“ϊ‹L,‚µ‚ρ‚Ι‚Α‚«,“~,1,2
V“ό¶,‚µ‚ρ‚Ι‚γ‚¤‚Ή‚Ά,t,1,2
V”N,‚µ‚ρ‚Λ‚ρ,V,1,2
V•Δ,‚µ‚ρ‚ά‚Ά,H,1,2
V–,‚µ‚ρ‚ά‚δ,‰Δ,1,2
V—Α,‚µ‚ρ‚θ‚ε‚¤,H,1,2
V—Ξ,‚µ‚ρ‚θ‚ε‚­,‰Δ,1,2
Vm,‚µ‚ρ‚ν‚η,H,1,2
‘f‘«,‚·‚ ‚µ,‰Δ,1,2
…‰j,‚·‚Ά‚¦‚Ά,‰Δ,1,2
Ό‰Z,‚·‚Ά‚©,H,1,2
πs,‚Έ‚Ά‚«,H,1,2
…ε,‚·‚Ά‚Ή‚ρ,“~,1,2
…ε‰Τ,‚·‚Ά‚Ή‚ρ‚©,“~,2,4
…’†‰Τ,‚·‚Ά‚Ώ‚γ‚¤‚©,‰Δ,2,5
•‡—u,‚·‚Ά‚Σ‚ζ‚¤,H,1,2
…–¨“,‚·‚Ά‚έ‚Β‚Ζ‚¤,H,2,4
‡@,‚·‚Ά‚κ‚ρ,‰Δ,1,2
‚·‚‚κ’,‚·‚‚κ‚ή‚µ,H,3,3
™——t,‚·‚¬‚¨‚Ώ‚Ξ,‰Δ,1,2
—M,‚·‚«‚Τ‚Λ,“~,1,2
„Τ•—,‚·‚«‚ά‚©‚Ί,“~,2,3
›Δ,‚·‚«‚β‚«,“~,1,2
‘ƒ‘g‚έ,‚·‚®‚έ,t,1,1
––•–μ,‚·‚®‚λ‚Μ,t,1,1
‘ƒβΔ,‚·‚²‚ΰ‚θ,t,1,1
‘oZ,‚·‚²‚λ‚­,V,1,2
—β‚ά‚¶,‚·‚³‚ά‚¶,H,1,2
ι¶,‚·‚µ,‰Δ,,
—ι›,‚·‚Έ‚‚ΰ,“~,1,2
δ,‚·‚·‚«,H,,
δ–μ,‚·‚·‚«‚Μ,H,1,3
”–΄,‚·‚·‚«‚Ν‚η,H,1,3
”βΔ,‚·‚·‚²‚ΰ‚θ,“~,1,2
—Α‚µ,‚·‚Έ‚µ,‰Δ,1,2
”’|,‚·‚·‚Ύ‚―,“~,1,2
”“¦‚°,‚·‚·‚Ι‚°,“~,1,2
”‘|,‚·‚·‚Ν‚«,“~,1,2
”‘|‚Π,‚·‚·‚Ν‚η‚Ά,“~,1,2
”[—Α,‚·‚Έ‚έ,‰Δ,1,1
—Α‚έ‘δ,‚·‚Έ‚έ‚Ύ‚Ά,‰Δ,2,3
—ι’,‚·‚Έ‚ή‚µ,H,1,2
‚Μq,‚·‚Έ‚ί‚Μ‚±,t,1,3
–I,‚·‚Έ‚ί‚Ξ‚Ώ,t,1,3
—ι—–,‚·‚Έ‚η‚ρ,‰Δ,1,2
¥τ,‚·‚Έ‚θ‚ ‚η‚Ά,H,1,3
‘ƒ—§’Ή,‚·‚Ύ‚Ώ‚Η‚θ,t,1,1
—ϊ,‚·‚Ύ‚κ,‰Δ,,
—ϊ”„,‚·‚Ύ‚κ‚¤‚θ,‰Δ,1,3
Μξ,‚·‚Δ‚¨‚¤‚¬,H,1,2
ΜΔRq,‚·‚Δ‚©‚©‚µ,H,1,2
Μq‰Τ,‚·‚Δ‚²‚Ξ‚Θ,H,1,2
»“ϊP,‚·‚Θ‚Π‚‚³,‰Δ,1,2
δΏ,‚·‚έ‚κ,t,,
δΏ‘,‚·‚έ‚κ‚®‚³,t,1,3
‘–oζ‘,‚·‚ΰ‚¤‚Ζ‚θ‚®‚³,t,3,5
‘–o‰Τ,‚·‚ΰ‚¤‚Ξ‚Θ,t,2,3
‚Έ‚ν‚ΆI,‚Έ‚ν‚Ά‚‚Ι,“~,3,3
‘ƒm,‚·‚ν‚η,t,1,1
Ή‰Ω,‚Ή‚Ά‚©,“~,1,2
Ή‰Μ,‚Ή‚Ά‚©,“~,1,2
‚Ή‚Ά‚±I,‚Ή‚Ά‚±‚‚Ι,“~,3,3
Ήχ,‚Ή‚Ά‚¶‚γ,“~,1,2
¬l®,‚Ή‚Ά‚¶‚ρ‚µ‚«,V,2,4
¬l‚Μ“ϊ,‚Ή‚Ά‚¶‚ρ‚Μ‚Π,V,2,4
”w‚–A—§‘,‚Ή‚Ά‚½‚©‚ ‚ν‚Ύ‚Ώ‚»‚¤,H,2,4
Ή’aΥ,‚Ή‚Ά‚½‚ρ‚³‚Ά,“~,2,4
Ξ•ι,‚Ή‚Ά‚Ϊ,“~,1,2
Ή–ι,‚Ή‚Ά‚β,“~,1,2
{‰μ‹S,‚Ή‚‚«,H,1,1
{‰μ‹S‰ο,‚Ή‚‚«‚¦,H,3,3
{‰μ‹S›,‚Ή‚‚«‚Ε‚η,H,3,3
Ο—‰_,‚Ή‚«‚η‚ρ‚¤‚ρ,‰Δ,2,4
κTιχ,‚Ή‚«‚κ‚Ά,H,1,2
”w•κTιχ,‚Ή‚®‚λ‚Ή‚«‚¦‚Ά,H,2,3
αk,‚Ή‚Α‚―‚Ά,‰Δ,1,2
ί•,‚Ή‚Β‚Τ‚ρ,“~,1,2
α—δ,‚Ή‚Β‚κ‚Ά,“~,1,2
δ,‚Ή‚έ,‰Δ,,
δ¶‚ά‚ι,‚Ή‚έ‚¤‚ά‚ι,‰Δ,1,2
δ‰J,‚Ή‚έ‚µ‚®‚κ,‰Δ,1,2
δ‚Μ,‚Ή‚έ‚Μ‚ ‚Θ,‰Δ,1,2
‹Ϊ,‚Ή‚θ,t,,
‹Ϊ“E‚έ,‚Ή‚θ‚Β‚έ,t,1,2
‹ΪεT,‚Ή‚θ‚Θ‚Έ‚Θ,V,1,2
‹Ϊ‚Μ…,‚Ή‚θ‚Μ‚έ‚Έ,t,1,2
ό‰Τ‰Ξ,‚Ή‚ρ‚±‚¤‚Ν‚Θ‚Ρ,‰Δ,2,4
σt,‚Ή‚ρ‚µ‚γ‚ρ,t,1,2
δΊ,‚Ή‚ρ‚Ή‚Ά,‰Δ,1,2
™’’θ,‚Ή‚ρ‚Δ‚Ά,t,1,2
ξ•—‹@,‚Ή‚ρ‚Υ‚¤‚«,‰Δ,2,4
η—Ό,‚Ή‚ρ‚θ‚ε‚¤,“~,1,2
εδψ,‚Ή‚ρ‚θ‚ε‚¤,“~,1,2
‘u‹C,‚»‚¤‚«,H,1,2
G–Ψ‚Μ‰θ,‚Ό‚¤‚«‚Μ‚ί,t,2,3
G–Ψg—t,‚Ό‚¤‚«‚ΰ‚έ‚¶,H,2,3
‘t,‚»‚¤‚µ‚γ‚ρ,t,1,2
“Y…,‚»‚¤‚Έ,H,1,2
G†,‚Ό‚¤‚·‚Ά,“~,1,2
ωΞυ,‚»‚¤‚Ή‚«‚«,“~,2,4
‘|‘Ϋ,‚»‚¤‚½‚Ά,H,1,2
GΟ,‚Ό‚¤‚Ι,V,1,2
GΟj‚Σ,‚Ό‚¤‚Ι‚Ά‚ν‚¤,V,2,3
‘”~,‚»‚¤‚Ξ‚Ά,“~,1,2
‘–”n“•,‚»‚¤‚ά‚Ζ‚¤,‰Δ,2,3
‘uβΫ,‚»‚¤‚η‚Ά,H,1,2
‘u—Α,‚»‚¤‚θ‚ε‚¤,H,1,2
’κ—β‚¦,‚»‚±‚Ρ‚¦,“~,1,2
’κg,‚»‚±‚Χ‚Ι,H,1,2
‚»‚Ό‚λ¦,‚»‚Ό‚λ‚³‚ή,H,3,3
‘²‹Ζ,‚»‚Β‚¬‚ε‚¤,t,1,2
‘²‹Ζ‰Μ,‚»‚Β‚¬‚ε‚¤‚©,t,2,5
‘²‹Ζ®,‚»‚Β‚¬‚ε‚¤‚µ‚«,t,2,5
‹Ό”‚Μ‰Τ,‚»‚Ξ‚Μ‚Ν‚Θ,H,2,2
υ—‘,‚»‚ί‚½‚ά‚²,t,1,2
\“¤,‚»‚η‚ά‚ί,‰Δ,1,2
\“¤‚Μ‰Τ,‚»‚η‚ά‚ί‚Μ‚Ν‚Θ,‰Δ,2,4
\“¤‚­,‚»‚η‚ά‚ί‚ά‚­,H,2,4
‘Μη‚Μ“ϊ,‚½‚Ά‚Ά‚­‚Μ‚Π,H,2,4
‘ε¦,‚Ύ‚Ά‚©‚ρ,“~,1,2
‘ε”¨,‚Ύ‚Ά‚±‚Ξ‚½,“~,2,3
‘εψ‚­,‚Ύ‚Ά‚±‚Π‚­,“~,2,3
‘ε±‚·,‚Ύ‚Ά‚±‚Ω‚·,“~,2,3
‘ε,‚Ύ‚Ά‚±‚ρ,“~,1,2
‘ε‚Μ‰Τ,‚Ύ‚Ά‚±‚ρ‚Μ‚Ν‚Θ,t,2,4
‘ε‚­,‚Ύ‚Ά‚±‚ρ‚ά‚­,H,2,4
‘ΧR–Ψ‚Μ‰Τ,‚½‚Ά‚³‚ρ‚Ϊ‚­‚Μ‚Ν‚Θ,‰Δ,3,6
‘t,‚½‚Ά‚µ‚γ‚ρ,“~,1,2
‘ε‹,‚½‚Ά‚µ‚ε,‰Δ,1,2
ς,‚Ύ‚Ά‚Ύ‚Ά,V,,
ςό‚ι,‚Ύ‚Ά‚Ύ‚Ά‚©‚΄‚ι,V,1,4
ιl“ ,‚½‚Ά‚Ζ‚¤,t,1,2
‘δ•—,‚½‚Ά‚Σ‚¤,H,1,2
ιE•—‰Π,‚½‚Ά‚Σ‚¤‚©,H,2,4
ιE•——‚ι,‚½‚Ά‚Σ‚¤‚­‚ι,H,2,4
“ΰ— —,‚Ύ‚Ά‚θ‚Ρ‚Θ,t,2,3
“cA,‚½‚¤‚¦,‰Δ,1,1
“cA‰Μ,‚½‚¤‚¦‚¤‚½,‰Δ,2,3
“cA},‚½‚¤‚¦‚‚³,‰Δ,2,3
“c‘Ε‚Ώ,‚½‚¤‚Ώ,t,1,1
‘ι,‚½‚©,“~,1,2
‚‚«‚Ι“o‚ι,‚½‚©‚«‚Ι‚Μ‚Ϊ‚ι,H,3,4
‘ι‚Μ‰Hδ,‚½‚©‚Μ‚Ν‚·‚·‚«,H,2,3
βΠ,‚½‚©‚ή‚µ‚λ,‰Δ,,
k,‚½‚‚β‚µ,t,,
•σ‘D,‚½‚©‚η‚Τ‚Λ,V,1,3
“c ,‚½‚‚θ,H,1,1
“c^,‚½‚©‚ν‚Έ,t,1,1
‘κ,‚½‚«,‰Δ,,
‘κ•—,‚½‚«‚©‚Ί,‰Δ,1,2
‘κ‚µ‚Τ‚«,‚½‚«‚µ‚Τ‚«,‰Δ,1,2
‘κβ,‚½‚«‚Β‚Ϊ,‰Δ,1,2
‘κ“a,‚½‚«‚Η‚Μ,‰Δ,1,2
•°‰Ξ,‚½‚«‚Ρ,“~,1,2
‘κ©,‚½‚«‚έ,‰Δ,1,2
‘ςΑ,‚½‚­‚ ‚ρ,“~,1,2
‘ςΑ’Π,‚½‚­‚ ‚ρ‚Γ‚―,“~,2,4
‘ν–Ψυ,‚½‚«‚Ϊ‚­‚«,t,2,4
‘ω,‚½‚―,H,,
’|”n,‚½‚―‚¤‚ά,“~,1,2
’|”°‚ι,‚½‚―‚«‚ι,H,1,2
’|‚ΜH,‚½‚―‚Μ‚ ‚«,t,1,2
’|‚Μ”η’E‚®,‚½‚―‚Μ‚©‚ν‚Κ‚®,‰Δ,1,2
β΅,‚½‚―‚Μ‚±,‰Δ,,
β΅”Ρ,‚½‚―‚Μ‚±‚ί‚µ,‰Δ,1,4
’|‚Μ‰Τ,‚½‚―‚Μ‚Ν‚Θ,H,2,3
’|‚Μt,‚½‚―‚Μ‚Ν‚ι,H,2,3
’|‚Μΐ,‚½‚―‚Μ‚έ,H,2,3
‘ϊ—g,‚½‚±‚ ‚°,V,1,2
‘ΎΙυ,‚Ύ‚΄‚Ά‚«,‰Δ,2,3
RΤ,‚Ύ‚µ,‰Δ,,
“c‹Ϊ,‚½‚Ί‚θ,t,1,1
Ω‰,‚½‚Ώ‚Ό‚ί,V,1,2
—§—,‚½‚Ώ‚Ρ‚Θ,t,1,2
“cμ,‚½‚Γ‚­‚θ,V,1,1
’E’,‚Ύ‚Α‚±‚­,H,1,2
ΰΪΥυ,‚Ύ‚Α‚³‚Ά‚«,H,2,4
δψ‚Μ‰Τ,‚½‚Ε‚Μ‚Ν‚Θ,H,2,3
’Io,‚½‚Θ‚«‚ε‚¤,H,1,2
µ—[,‚½‚Θ‚Ξ‚½,H,,
µ—[’|,‚½‚Θ‚Ξ‚½‚Ύ‚―,H,2,4
µ—[—¬‚µ,‚½‚Θ‚Ξ‚½‚Θ‚‚µ,H,2,4
µ—[Υ,‚½‚Θ‚Ξ‚½‚ά‚Β‚θ,H,2,4
’Jα—t,‚½‚Ι‚ν‚©‚Ξ,‰Δ,1,2
’K`,‚½‚Κ‚«‚¶‚ι,“~,1,3
ν‘I‚Ρ,‚½‚Λ‚¦‚η‚Ρ,t,1,2
ν‚¨‚λ‚µ,‚½‚Λ‚¨‚λ‚µ,t,1,2
νΔRq,‚½‚Λ‚©‚‚µ,t,1,2
ν•U,‚½‚Λ‚½‚ν‚η,t,1,2
νΜ‚θ,‚½‚Λ‚Ζ‚θ,H,1,2
νZ‚µ,‚½‚Λ‚Π‚½‚µ,t,1,2
ν‚Σ‚­‚Χ,‚½‚Λ‚Σ‚­‚Χ,H,1,2
ν‚«,‚½‚Λ‚ά‚«,t,1,2
ν•¨,‚½‚Λ‚ΰ‚Μ,t,1,2
—·n,‚½‚Ρ‚Ν‚¶‚ί,V,1,2
“c•½q,‚½‚Ρ‚η‚±,V,1,2
‹ΚθΕ,‚½‚ά‚ ‚η‚κ,“~,1,2
‹Κqπ,‚½‚ά‚²‚΄‚―,“~,2,3
‹Κ’Φ,‚½‚ά‚Β‚Ξ‚«,t,1,2
‹Κ‚ΜΎ,‚½‚ά‚Μ‚ ‚Ή,‰Δ,2,3
°Υ,‚½‚ά‚ά‚Β‚θ,H,1,2
’L,‚½‚η,“~,,
’Lκ,‚½‚η‚Ξ,“~,1,2
‚•X,‚½‚ι‚Π,“~,1,2
’[ί,‚½‚ρ‚²,‰Δ,1,2
’cq‰Τ,‚Ύ‚ρ‚²‚Ξ‚Θ,V,2,3
’Z“ϊ,‚½‚ρ‚¶‚Β,“~,1,2
’a¶‰ο,‚½‚ρ‚¶‚ε‚¤‚©‚Ά,t,2,3
’T”~,‚½‚ρ‚Ξ‚Ά,“~,1,2
’T”~s,‚½‚ρ‚Ξ‚Ά‚±‚¤,“~,2,4
’O”gI,‚½‚ρ‚Ξ‚®‚θ,H,2,3
“’”k,‚½‚ρ‚Ϋ,“~,1,1
’g–[,‚Ύ‚ρ‚Ϊ‚¤,“~,1,2
’g–[Τ,‚Ύ‚ρ‚Ϊ‚¤‚µ‚α,“~,2,4
—φ‰p,‚½‚ρ‚Ϋ‚Ϋ,t,,
—φ‰p‚Μ–Θ,‚½‚ρ‚Ϋ‚Ϋ‚Μ‚ν‚½,t,3,4
’gF,‚Ύ‚ρ‚λ,“~,,
”’,‚Ώ‚‚β,t,,
η‘,‚Ώ‚®‚³,H,,
η‘‚Μ‰Τ,‚Ώ‚®‚³‚Μ‚Ν‚Θ,H,2,3
’|H,‚Ώ‚­‚µ‚γ‚¤,t,1,2
’x“ϊ,‚Ώ‚¶‚Β,t,1,1
•ƒ‚Μ“ϊ,‚Ώ‚Ώ‚Μ‚Π,‰Δ,1,2
‚Ώ‚Ώ‚λ’,‚Ώ‚Ώ‚λ‚ή‚µ,H,3,3
ηΞΉ,‚Ώ‚Ζ‚Ή‚ ‚ί,“~,2,3
η’Ή,‚Ώ‚Η‚θ,“~,,
“~•—C,‚Ζ‚¤‚¶‚Τ‚λ,“~,2,3
“¥Β,‚Ζ‚¤‚Ή‚Ά,t,1,2
“Βυ,‚Ζ‚¤‚Ή‚Ά‚«,“~,2,4
–“V―ηUηP,‚Η‚¤‚Ύ‚ρ‚Β‚Β‚¶,t,3,4
–“V―g—t,‚Η‚¤‚Ύ‚ρ‚ΰ‚έ‚¶,H,3,4
“~–°,‚Ζ‚¤‚έ‚ρ,“~,1,2
‹Κε†‹o,‚Ζ‚¤‚ΰ‚λ‚±‚µ,H,,
“~—ν,‚Ζ‚¤‚κ‚Ά,“~,1,2
“•βΔ,‚Ζ‚¤‚λ‚¤,H,,
“•βΔ—¬‚µ,‚Ζ‚¤‚λ‚¤‚Θ‚‚µ,H,2,4
‰“‰ΰ,‚Ζ‚¨‚‚·‚έ,t,1,2
’Κ‚µ›,‚Ζ‚¨‚µ‚‚ΰ,‰Δ,2,3
‰“‰Τ‰Ξ,‚Ζ‚¨‚Ν‚Θ‚Ρ,‰Δ,1,2
ε’ε,‚Ζ‚©‚°,‰Δ,,
“nδ,‚Ζ‚¬‚ε,‰Δ,1,2
ν”Υ–Ψ——t,‚Ζ‚«‚ν‚¬‚¨‚Ώ‚Ξ,‰Δ,3,4
ν‰Δ,‚Ζ‚±‚Θ‚Β,H,1,2
S‘Ύ,‚Ζ‚±‚λ‚Δ‚ρ,‰Δ,,
“oR,‚Ζ‚΄‚ρ,‰Δ,,
“oR”n,‚Ζ‚΄‚ρ‚¤‚ά,‰Δ,2,3
“oRϋ,‚Ζ‚΄‚ρ‚®‚Ώ,‰Δ,2,3
“oRC,‚Ζ‚΄‚ρ‚®‚Β,‰Δ,2,3
“oR¬‰®,‚Ζ‚΄‚ρ‚²‚β,‰Δ,2,3
“oR“Ή,‚Ζ‚΄‚ρ‚Η‚¤,‰Δ,2,3
“oR–X,‚Ζ‚΄‚ρ‚Ϊ‚¤,‰Δ,2,3
”N–Ύ‚­,‚Ζ‚µ‚ ‚­,V,1,2
”NV‚½,‚Ζ‚µ‚ ‚η‚½,V,1,2
”N‰ό‚ά‚ι,‚Ζ‚µ‚ ‚η‚½‚ά‚ι,V,1,2
”NΙ‚µ‚ή,‚Ζ‚µ‚¨‚µ‚ή,“~,1,2
”N’j,‚Ζ‚µ‚¨‚Ζ‚±,“~,1,2
”N‰z,‚Ζ‚µ‚±‚µ,“~,1,2
”N‰z‹Ό”,‚Ζ‚µ‚±‚µ‚»‚Ξ,“~,1,2
”NβΔ,‚Ζ‚µ‚²‚ΰ‚θ,“~,1,2
”Nπ,‚Ζ‚µ‚΄‚―,V,1,2
”N—§‚Β,‚Ζ‚µ‚½‚Β,V,1,2
”N‹Κ,‚Ζ‚µ‚Ύ‚ά,V,1,2
”N‚Β‚ά‚ι,‚Ζ‚µ‚Β‚ά‚ι,“~,1,2
”N‚Μs,‚Ζ‚µ‚Μ‚Ά‚Ώ,“~,2,3
”N‚Μ“ΰ,‚Ζ‚µ‚Μ‚¤‚Ώ,“~,2,3
”N‚Μ•ι,‚Ζ‚µ‚Μ‚­‚κ,“~,2,3
”N‚Μ£,‚Ζ‚µ‚Μ‚Ή,“~,2,3
”N‚Μ“¤,‚Ζ‚µ‚Μ‚ά‚ί,“~,2,3
”N‚Μ–ι,‚Ζ‚µ‚Μ‚ζ‚ι,“~,2,3
”N‚Μ—η,‚Ζ‚µ‚Μ‚κ‚Ά,V,2,3
”Nn‚ί,‚Ζ‚µ‚Ν‚¶‚ί,V,1,2
”Nη‚ι,‚Ζ‚µ‚ά‚ΰ‚ι,“~,1,2
”N}‚Σ,‚Ζ‚µ‚ή‚©‚¤,V,1,2
”Nη‚ι,‚Ζ‚µ‚ΰ‚ι,“~,1,2
”N—pΣ,‚Ζ‚µ‚ζ‚¤‚Ά,“~,1,2
”Nρ‚θ‚Μ“ϊ,‚Ζ‚µ‚ζ‚θ‚Μ‚Π,H,3,4
”N–Y,‚Ζ‚µ‚ν‚·‚κ,“~,1,2
“j‘h,‚Ζ‚»,V,,
“j‘hj‚Σ,‚Ζ‚»‚Ά‚ν‚¤,V,2,2
“yθΒ‚ή,‚Η‚Δ‚ ‚¨‚ή,t,2,2
“a—l^,‚Ζ‚Μ‚³‚ά‚‚¦‚ι,t,2,4
“y–I,‚Η‚Ξ‚Ώ,t,1,1
’Ή‘Ό,‚Ζ‚Τ‚³‚ά‚Β,V,2,3
“y—p,‚Η‚ζ‚¤,‰Δ,,
“y—p–Ύ‚―,‚Η‚ζ‚¤‚ ‚―,‰Δ,2,3
“y—p“ό‚θ,‚Η‚ζ‚¤‚Ά‚θ,‰Δ,2,3
“y—p‰V,‚Η‚ζ‚¤‚¤‚Θ‚¬,‰Δ,2,3
“y—pOY,‚Η‚ζ‚¤‚³‚Τ‚λ‚¤,‰Δ,2,3
“y—p‘ΎY,‚Η‚ζ‚¤‚½‚λ‚¤,‰Δ,2,3
“y—p”g,‚Η‚ζ‚¤‚Θ‚έ,‰Δ,2,3
“y—p±,‚Η‚ζ‚¤‚Ϊ‚µ,‰Δ,2,3
Υ‰Ν“Ψ,‚Ζ‚η‚Σ‚®,“~,1,2
’ΉΠ‚µ,‚Ζ‚θ‚¨‚Η‚µ,H,1,2
’Ή‹A‚ι,‚Ζ‚θ‚©‚¦‚ι,t,1,2
’Ή‰_‚Ι,‚Ζ‚θ‚­‚ΰ‚Ι,t,2,4
’Ή‰_‚Ι“ό‚ι,‚Ζ‚θ‚­‚ΰ‚Ι‚Ν‚Ά‚ι,t,2,4
’Ή“ά,‚Ζ‚θ‚®‚ΰ‚θ,t,1,2
’Ήπ‚ι,‚Ζ‚θ‚³‚©‚ι,t,1,2
’Ή‚Β‚ι‚ή,‚Ζ‚θ‚Β‚ή‚ι,t,1,2
“Ρ‚Μs,‚Ζ‚θ‚Μ‚Ά‚Ώ,“~,1,2
’Ή‚Μ—φ,‚Ζ‚θ‚Μ‚±‚Ά,t,1,2
’Ή‚Μ‘ƒ,‚Ζ‚θ‚Μ‚·,t,1,2
’Ήψ‚­,‚Ζ‚θ‚Π‚­,t,1,2
’Ή“n‚ι,‚Ζ‚θ‚ν‚½‚ι,H,1,2
’cI,‚Η‚ρ‚®‚θ,H,,
‚Η‚ρ‚Η•°‚­,‚Η‚ρ‚Η‚½‚­,V,3,3
ε‘εx,‚Ζ‚ρ‚Ϊ,H,,
•c–Ψs,‚Θ‚¦‚¬‚Ά‚Ώ,t,2,3
•c–ΨA‚¤,‚Θ‚¦‚¬‚¤‚¤,t,2,3
•cζ‚θ,‚Θ‚¦‚Ζ‚θ,‰Δ,1,2
•cD,‚Θ‚¦‚Σ‚Ύ,t,1,2
‰i‚«“ϊ,‚Θ‚‚«‚Π,t,2,3
’·‚«–ι,‚Θ‚‚«‚ζ,H,2,3
’·,‚Θ‚‚Β‚«,H,1,2
’·”~‰J,‚Θ‚‚Β‚δ,‰Δ,1,2
’†ξ,‚Θ‚©‚Δ,H,1,2
—¬‚κC‘Ϋ,‚Θ‚‚κ‚Μ‚θ,t,2,3
—¬‚κ―,‚Θ‚‚κ‚Ϊ‚µ,H,2,3
‹ƒ‰,‚Θ‚«‚Ό‚ί,V,1,2
–Ό‘Ν‚ι,‚Θ‚®‚³‚©‚ι,“~,2,3
–Ό‘‚Μ‰θ,‚Θ‚®‚³‚Μ‚ί,t,2,3
‰Δ‰z,‚Θ‚²‚µ,‰Δ,1,1
–Ό‰z‚ΜβP,‚Θ‚²‚µ‚Μ‚Ν‚η‚¦,‰Δ,2,3
–Όcα,‚Θ‚²‚θ‚δ‚«,t,2,3
—,‚Θ‚µ,H,,
—‚Μ‰Τ,‚Θ‚µ‚Μ‚Ν‚Θ,t,1,2
‰Φq,‚Θ‚·,‰Δ,,
εT,‚Θ‚Έ‚Θ,V,,
εT‘Ε‚Ώ,‚Θ‚Έ‚Θ‚¤‚Ώ,V,1,3
εT,‚Θ‚Έ‚Θ‚‚δ,V,1,3
εT“E‚έ,‚Θ‚Έ‚Θ‚Β‚έ,V,1,3
εT‚Μ‰Τ,‚Θ‚Έ‚Θ‚Μ‚Ν‚Θ,t,2,4
‰Φq‚Μ”n,‚Θ‚·‚Μ‚¤‚ά,H,2,3
‰Φq‚Μ‰Τ,‚Θ‚·‚Μ‚Ν‚Θ,‰Δ,2,3
Ψν”~‰J,‚Θ‚½‚Λ‚Γ‚δ,t,2,3
Ψν‚­,‚Θ‚½‚Λ‚ά‚­,H,2,3
α•φ,‚Θ‚Ύ‚κ,t,,
‰Δ,‚Θ‚Β,‰Δ,,
‰Δ—’,‚Θ‚Β‚ ‚η‚µ,‰Δ,1,2
‰Δις,‚Θ‚Β‚¤‚®‚Ά‚·,‰Δ,1,2
‰Δ——t,‚Θ‚Β‚¨‚Ώ‚Ξ,‰Δ,1,2
‰ΔI‚ι,‚Θ‚Β‚¨‚ν‚ι,‰Δ,1,2
‰Δ_y,‚Θ‚Β‚©‚®‚η,‰Δ,1,2
‰Δ•—Χ,‚Θ‚Β‚©‚Ί,‰Δ,1,2
‰ΔΉ,‚Θ‚Β‚©‚ρ,t,1,2
‰Δ–Ψ,‚Θ‚Β‚«,‰Δ,1,2
‰Δ‚«‚΄‚·,‚Θ‚Β‚«‚΄‚·,‰Δ,1,2
‰Δ—‚ι,‚Θ‚Β‚­‚ι,‰Δ,1,2
‰Δ‘,‚Θ‚Β‚­‚³,‰Δ,1,2
‰Δ•X,‚Θ‚Β‚²‚¨‚θ,‰Δ,1,2
‰Δ–Ψ—§,‚Θ‚Β‚±‚Ύ‚Ώ,‰Δ,1,2
‰Δί,‚Θ‚Β‚²‚λ‚ΰ,‰Δ,1,2
‰Δΐ•~,‚Θ‚Β‚΄‚µ‚«,‰Δ,1,2
‰Δ—ϊ,‚Θ‚Β‚·‚Ύ‚κ,‰Δ,1,2
‰Δ—§‚Β,‚Θ‚Β‚½‚Β,‰Δ,1,2
‰Δ’±,‚Θ‚Β‚Ώ‚ε‚¤,‰Δ,1,2
”[“¤`,‚Θ‚Α‚Ζ‚¤‚¶‚ι,“~,2,4
‰Δ·,‚Θ‚Β‚Θ‚έ,‰Δ,1,2
‰Δ‚Ι“ό‚ι,‚Θ‚Β‚Ι‚Ν‚Ά‚ι,‰Δ,2,3
‰Δ—δ,‚Θ‚Β‚Λ,‰Δ,1,2
‰Δ–μ,‚Θ‚Β‚Μ,‰Δ,1,2
‰Δ‚ΜC,‚Θ‚Β‚Μ‚¤‚έ,‰Δ,2,3
‰Δ‚Μμ,‚Θ‚Β‚Μ‚©‚ν,‰Δ,2,3
‰Δ‚Μ‰_,‚Θ‚Β‚Μ‚­‚ΰ,‰Δ,2,3
‰Δ‚Μ’,‚Θ‚Β‚Μ‚µ‚¨,‰Δ,2,3
‰Δ‚Μ‹σ,‚Θ‚Β‚Μ‚»‚η,‰Δ,2,3
‰Δ‚Μ’±,‚Θ‚Β‚Μ‚Ώ‚ε‚¤,‰Δ,2,3
‰Δ‚Μ,‚Θ‚Β‚Μ‚Β‚«,‰Δ,2,3
‰Δ‚Μ”g,‚Θ‚Β‚Μ‚Θ‚έ,‰Δ,2,3
‰Δ‚Μ•l,‚Θ‚Β‚Μ‚Ν‚ά,‰Δ,2,3
‰Δ‚ΜR,‚Θ‚Β‚Μ‚β‚ά,‰Δ,2,3
‰Δ‚Μ–ι,‚Θ‚Β‚Μ‚ζ,‰Δ,2,3
‰Δ’g—ϊ,‚Θ‚Β‚Μ‚κ‚ρ,‰Δ,1,2
‰ΔβP,‚Θ‚Β‚Ν‚η‚¦,‰Δ,1,2
‰Δ[‚µ,‚Θ‚Β‚Σ‚©‚µ,‰Δ,1,2
‰Δ•,‚Θ‚Β‚Σ‚­,‰Δ,1,2
‰Δ–Xq,‚Θ‚Β‚Ϊ‚¤‚µ,‰Δ,1,2
‰Δ•‰,‚Θ‚Β‚ά‚―,‰Δ,1,2
‰ΔΥ,‚Θ‚Β‚ά‚Β‚θ,‰Δ,1,2
‰Δ–¨Ή,‚Θ‚Β‚έ‚©‚ρ,t,1,2
‰Δ‚ί‚­,‚Θ‚Β‚ί‚­,‰Δ,1,2
‰Δ‹x‚έ,‚Θ‚Β‚β‚·‚έ,‰Δ,1,2
‰Δ‘‰,‚Θ‚Β‚β‚Ή,‰Δ,1,2
‰ΔR,‚Θ‚Β‚β‚ά,‰Δ,1,2
‰Δ—Ώ—,‚Θ‚Β‚θ‚ε‚¤‚θ,‰Δ,1,2
•q,‚Θ‚Ε‚µ‚±,H,,
µ‘βΔ,‚Θ‚Θ‚­‚³‚©‚²,V,2,4
µ‘,‚Θ‚Θ‚­‚³‚‚δ,V,2,4
µ‘Ψ,‚Θ‚Θ‚­‚³‚Θ,V,2,4
Ψ‚Μ‰Τ,‚Θ‚Μ‚Ν‚Θ,t,2,3
C‘l,‚Θ‚ά‚±,“~,,
¶C‘Ϋ,‚Θ‚ά‚Μ‚θ,t,1,2
”gζ‚θ,‚Θ‚έ‚Μ‚θ,‰Δ,1,2
ε|ε,‚Θ‚ί‚­‚¶,‰Δ,,
Ψ”Ρ,‚Θ‚ί‚µ,t,1,1
‹Ζ•½υ,‚Θ‚θ‚Π‚η‚«,‰Δ,2,4
–Β_,‚Θ‚ι‚©‚έ,‰Δ,1,2
–Βq,‚Θ‚ι‚±,H,1,2
•c‘γ,‚Θ‚ν‚µ‚λ,t,1,2
•c‘γ¦,‚Θ‚ν‚µ‚λ‚΄‚ή,t,2,4
“μ“V‚Μΐ,‚Θ‚ρ‚Δ‚ρ‚Μ‚έ,“~,3,5
“μ•—,‚Θ‚ρ‚Υ‚¤,‰Δ,1,2
V–~,‚Ι‚Ά‚Ϊ‚ρ,H,1,2
ικ‚Μ•‚‘ƒ,‚Ι‚¨‚Μ‚¤‚«‚·,‰Δ,2,3
ικ‚Μ‘ƒ,‚Ι‚¨‚Μ‚·,‰Δ,2,3
“ρ,‚Ι‚‚Β,t,1,1
“ρ‰Θ“W,‚Ι‚©‚Δ‚ρ,H,2,2
“¦‚°…,‚Ι‚°‚έ‚Έ,t,2,2
Ο‹Γ,‚Ι‚±‚²‚θ,“~,1,2
‘χ‚θπ,‚Ι‚²‚θ‚΄‚―,H,2,3
“ψ,‚Ι‚¶,‰Δ,,
‹Ρ–Ψ,‚Ι‚µ‚«‚¬,H,1,3
Ό“ϊ,‚Ι‚µ‚Ρ,‰Δ,1,2
“ρ―,‚Ι‚Ή‚Ά,H,1,1
“ϊ‹L”ƒ‚Σ,‚Ι‚Α‚«‚©‚¤,“~,2,3
“ϊ“W,‚Ι‚Α‚Δ‚ρ,H,1,2
“ρ‚Μί,‚Ι‚Μ‚¤‚ά,t,2,2
“ρ‚Μ‘Φ,‚Ι‚Μ‚©‚ν‚θ,V,2,2
“ρ‚Μ“Ρ,‚Ι‚Μ‚Ζ‚θ,“~,2,2
“ρ”Τ’ƒ,‚Ι‚Ξ‚ρ‚Ώ‚α,t,2,4
“ρ•S\“ϊ,‚Ι‚Π‚α‚­‚Ζ‚¨‚©,H,2,4
“ρ•S“ρ\“ϊ,‚Ι‚Π‚α‚­‚Ν‚Β‚©,H,2,4
“όw,‚Ι‚γ‚¤‚‚­,t,,
“όw®,‚Ι‚γ‚¤‚‚­‚µ‚«,t,2,5
“όw±,‚Ι‚γ‚¤‚‚­‚µ‚―‚ρ,t,2,5
“ό“Ή‰_,‚Ι‚γ‚¤‚Η‚¤‚®‚ΰ,‰Δ,2,5
“ό”~,‚Ι‚γ‚¤‚Ξ‚Ά,‰Δ,1,3
”BG†,‚Ι‚η‚Ό‚¤‚·‚Ά,“~,1,2
’λ•°‰Ξ,‚Ι‚ν‚½‚«‚Ρ,“~,1,2
’λ’@,‚Ι‚ν‚½‚½‚«,H,1,2
–D‰,‚Κ‚Ά‚Ό‚ί,V,1,2
f‰ι,‚Κ‚©‚,‰Δ,1,2
—λ—]q,‚Κ‚©‚²,H,,
‚Κ‚­‚ίπ,‚Κ‚­‚ί‚΄‚―,H,3,3
ΐΏ‚ι,‚Κ‚ά‚©‚ι,“~,1,2
‰·‚ή…,‚Κ‚ι‚ή‚έ‚Έ,t,3,3
θ‚Π‚Μ…,‚Λ‚‚Ά‚Μ‚Ά‚Ζ,H,3,4
”K,‚Λ‚¬,“~,,
”K`,‚Λ‚¬‚µ‚ι,“~,1,2
”KG†,‚Λ‚¬‚Ό‚¤‚·‚Ά,“~,1,2
”K‚Μ‰Τ,‚Λ‚¬‚Μ‚Ν‚Θ,t,2,3
”K”¨,‚Λ‚¬‚Ξ‚½‚―,“~,1,2
”K–Vε,‚Λ‚¬‚Ϊ‚¤‚Έ,t,1,2
”L‚³‚©‚ι,‚Λ‚±‚³‚©‚ι,t,1,2
”L‚¶‚α‚η‚µ,‚Λ‚±‚¶‚α‚η‚µ,H,1,2
”L‚Μq,‚Λ‚±‚Μ‚±,t,2,3
”L‚Μ—φ,‚Λ‚±‚Μ‚±‚Ά,t,2,3
”L‚ΜΘ,‚Λ‚±‚Μ‚Β‚ά,t,2,3
”L–φ,‚Λ‚±‚β‚Θ‚¬,t,1,2
Qί‰ή,‚Λ‚µ‚α‚©,t,1,1
Q³,‚Λ‚µ‚ε‚¤‚‚Β,V,1,1
”’‘,‚Λ‚¶‚λ‚®‚³,t,2,3
”M‘Ρ‹›,‚Λ‚Α‚½‚Ά‚¬‚ε,‰Δ,2,4
”M‘Ρ–ι,‚Λ‚Α‚½‚Ά‚β,‰Δ,2,4
–³‘,‚Λ‚Θ‚µ‚®‚³,‰Δ,2,3
ΈΟG,‚Λ‚Ν‚ρ‚¦,t,2,3
ΈΟ},‚Λ‚Ν‚ρ‚Έ,t,2,3
ΈΟ‘,‚Λ‚Ν‚ρ‚Ό‚¤,t,2,3
Q—β,‚Λ‚Ρ‚¦,‰Δ,1,1
[,‚Λ‚Τ‚©,“~,1,1
[`,‚Λ‚Τ‚©‚¶‚ι,“~,2,3
‚Λ‚Τ‚Μ‰Τ,‚Λ‚Τ‚Μ‚Ν‚Θ,‰Δ,3,3
‡½‚Μ‰Τ,‚Λ‚ή‚Μ‚Ν‚Θ,‰Δ,2,3
•,‚Λ‚ν‚―,t,1,1
”N‰κ,‚Λ‚ρ‚,V,1,2
”N‰κσ,‚Λ‚ρ‚‚¶‚ε‚¤,V,2,3
”Nn,‚Λ‚ρ‚µ,V,1,2
”Nπ,‚Λ‚ρ‚µ‚γ,V,1,2
”N––,‚Λ‚ρ‚ά‚Β,“~,1,2
–μ—V‚Ρ,‚Μ‚ ‚»‚Ρ,t,1,1
—½θΊ‚Μ‰Τ,‚Μ‚¤‚Ί‚ρ‚Μ‚Ν‚Θ,‰Δ,3,5
”[—Α,‚Μ‚¤‚θ‚ε‚¤,‰Δ,,
”[—Α‘D,‚Μ‚¤‚θ‚ε‚¤‚Ή‚ρ,‰Δ,2,5
–μ‹e,‚Μ‚¬‚­,H,1,1
c‚ι‹‚³,‚Μ‚±‚ι‚ ‚Β‚³,H,2,3
c‚ι‰α,‚Μ‚±‚ι‚©,H,2,3
c‚ι¦‚³,‚Μ‚±‚ι‚³‚ή‚³,t,2,3
c‚ιδ,‚Μ‚±‚ι‚Ή‚έ,H,2,3
c‚ι’,‚Μ‚±‚ι‚ή‚µ,H,2,3
c‚ια,‚Μ‚±‚ι‚δ‚«,t,2,3
–μ®‹e,‚Μ‚±‚ρ‚¬‚­,H,2,3
γ‚Μ,‚Μ‚Ώ‚Μ‚Β‚«,H,2,3
γ‚Μ”ήέ,‚Μ‚Ώ‚Μ‚Π‚‚ρ,H,2,3
‚Μ‚Α‚Ψ‚Ά`,‚Μ‚Α‚Ψ‚Ά‚¶‚ι,“~,4,4
’·Υ,‚Μ‚Η‚©,t,,
–μ‰Ξ,‚Μ‚Ρ,t,1,1
–μ•’“Έ,‚Μ‚Τ‚Η‚¤,H,1,1
›ξ,‚Μ‚Ϊ‚θ,‰Δ,,
γ‚θΌ,‚Μ‚Ϊ‚θ‚ ‚δ,t,2,3
–μΔ‚«,‚Μ‚β‚«,t,1,1
–μΔ‚­,‚Μ‚β‚­,t,1,1
C‘Ϋ,‚Μ‚θ,t,,
C‘Ϋ‘eS,‚Μ‚θ‚»‚Ύ,t,2,2
ζ‰,‚Μ‚θ‚Ό‚ί,V,1,2
‹R‰,‚Μ‚θ‚Ό‚ί,V,1,2
C‘Ϋ?,‚Μ‚θ‚Π‚Ρ,t,2,
–μ•,‚Μ‚ν‚«,H,1,1
–μ•‚ ‚Ζ,‚Μ‚ν‚«‚ ‚Ζ,H,2,3
–μ•—§‚Β,‚Μ‚ν‚«‚½‚Β,H,2,3
–μ•’†,‚Μ‚ν‚«‚Θ‚©,H,2,3
–μ•°,‚Μ‚ν‚«‚Ξ‚κ,H,2,3
–μ‚ν‚―,‚Μ‚ν‚―,H,1,1
‰H‹a,‚Ν‚ ‚θ,‰Δ,1,1
θΘ,‚Ξ‚Ά,t,,
”~‰€,‚Ξ‚Ά‚¦‚ρ,t,1,2
”sν“ϊ,‚Ν‚Ά‚Ή‚ρ‚Ρ,H,2,4
θΘ“V,‚Ξ‚Ά‚Δ‚ρ,t,1,2
•ζτ‚Σ,‚Ν‚©‚ ‚η‚¤,H,1,2
•ζQ‚θ,‚Ν‚©‚ά‚Ά‚θ,H,1,2
Ρ’…,‚Ν‚©‚ά‚¬,“~,1,3
•ζw,‚Ν‚©‚ΰ‚¤‚Ε,H,1,2
”‹,‚Ν‚¬,H,,
”‹‡‚ι,‚Ν‚¬‚­‚­‚ι,H,1,2
‘|‰,‚Ν‚«‚Ό‚ί,V,1,2
”‹U‚ι,‚Ν‚¬‚Ώ‚ι,H,1,2
”‹‚Μ‰Τ,‚Ν‚¬‚Μ‚Ν‚Θ,H,2,3
”‹‘p,‚Ν‚¬‚ή‚η,H,1,2
”’‰J,‚Ν‚­‚¤,‰Δ,1,2
”’Ψ,‚Ν‚­‚³‚Ά,“~,1,2
”H,‚Ξ‚­‚µ‚γ‚¤,‰Δ,1,2
”–‹,‚Ν‚­‚µ‚ε,‰Δ,1,2
”‘,‚Ξ‚­‚µ‚ε,‰Δ,1,2
”–‹υ,‚Ν‚­‚µ‚ε‚±‚¤,‰Δ,2,4
”’ξ,‚Ν‚­‚Ή‚ρ,‰Δ,1,2
”’’Ή,‚Ν‚­‚Ώ‚ε‚¤,“~,1,2
”’“,‚Ν‚­‚Ζ‚¤,H,1,2
”’”~,‚Ν‚­‚Ξ‚Ά,t,1,2
ΰe•z,‚Ξ‚­‚Σ,‰Δ,1,2
”’‰²’O,‚Ν‚­‚Ϊ‚½‚ρ,‰Δ,1,2
ζΐ–,‚Ξ‚­‚ά‚­‚η,V,1,2
”’–Ψ@,‚Ν‚­‚ΰ‚­‚κ‚ρ,t,1,2
—t{“,‚Ν‚°‚Ά‚Ζ‚¤,H,1,1
‰Hq,‚Ν‚²,V,1,1
‰Hq”Β,‚Ν‚²‚Ά‚½,V,2,2
‰Hq”Βs,‚Ν‚²‚Ά‚½‚Ά‚Ώ,“~,3,4
ξ‰Λ,‚Ν‚³,H,1,1
ξ‰Λ,‚Ν‚΄,H,1,1
—tχ,‚Ν‚΄‚­‚η,‰Δ,1,1
’[‹,‚Ν‚µ‚Ά,‰Δ,1,2
”mΤ,‚Ξ‚µ‚ε‚¤,H,,
”mΤυ,‚Ξ‚µ‚ε‚¤‚«,“~,2,4
‘–‚θ‹Ό”,‚Ν‚µ‚θ‚»‚Ξ,H,2,3
‘–‚θ’ƒ,‚Ν‚µ‚θ‚Ώ‚α,‰Δ,2,3
‘–‚θ”~‰J,‚Ν‚µ‚θ‚Γ‚δ,‰Δ,2,3
@,‚Ν‚·,‰Δ,,
@’r,‚Ν‚·‚Ά‚―,‰Δ,1,2
@Ν‚ι,‚Ν‚·‚©‚ι,“~,1,2
@‚Μ—t,‚Ν‚·‚Μ‚Ν,‰Δ,2,3
@‚Μ‰Τ,‚Ν‚·‚Μ‚Ν‚Θ,‰Δ,2,3
@‚Μ—t,‚Ν‚·‚Μ‚ά‚«‚Ν,‰Δ,2,3
@‚Μΐ,‚Ν‚·‚Μ‚έ,H,2,3
@‚Μ”Ρ,‚Ν‚·‚Μ‚ί‚µ,H,2,3
ιΐ,‚Ν‚Ί,H,,
ιΐ’ή,‚Ν‚Ί‚Γ‚θ,H,1,2
ιΐ‚ΜH,‚Ν‚Ί‚Μ‚ ‚«,H,2,3
ιΐ‚Μ’,‚Ν‚Ί‚Μ‚µ‚¨,H,2,3
ιΐ“ϊa,‚Ν‚Ί‚Ρ‚ζ‚θ,H,1,2
ιΐg—t,‚Ν‚Ί‚ΰ‚έ‚¶,H,1,2
”¨‘Ε‚Ώ,‚Ν‚½‚¤‚Ώ,t,1,2
—‡,‚Ν‚Ύ‚©,‰Δ,,
—‡–Ψ,‚Ν‚Ύ‚©‚¬,“~,1,3
—‡q,‚Ν‚Ύ‚©‚²,‰Δ,1,3
”¨Δ‚­,‚Ν‚½‚―‚β‚­,t,1,2
”§¦,‚Ν‚Ύ‚³‚ή,H,1,2
ζο‘«,‚Ν‚Ύ‚µ,‰Δ,,
‚Ν‚½‚½_,‚Ν‚½‚½‚‚έ,‰Δ,3,3
”§’E,‚Ν‚Ύ‚Κ‚¬,‰Δ,1,2
‹@n,‚Ν‚½‚Ν‚¶‚ί,V,1,2
?ε¨,‚Ν‚½‚Ν‚½,H,,
—‹‹›,‚Ν‚½‚Ν‚½,“~,,
ιή,‚Ν‚½‚Ν‚½,“~,,
?,‚Ν‚½‚Ν‚½,“~,,
“­–I,‚Ν‚½‚η‚«‚Ξ‚Ώ,t,1,4
”,‚Ν‚Ώ‚‚Β,H,1,2
”\”–ι,‚Ν‚Ώ‚¶‚γ‚¤‚Ν‚Ώ‚β,t,3,7
”\”–ι¦,‚Ν‚Ώ‚¶‚γ‚¤‚Ν‚Ώ‚β‚³‚ή,t,4,8
–I‚Μq,‚Ν‚Ώ‚Μ‚±,‰Δ,2,3
–I‚Μ‘ƒ,‚Ν‚Ώ‚Μ‚·,t,2,3
‰©,‚Ν‚Β‚ ‚©‚Λ,V,1,2
‰–Ύ‚θ,‚Ν‚Β‚ ‚©‚θ,V,1,2
‰H,‚Ν‚Β‚ ‚«,H,1,2
‰¤,‚Ν‚Β‚ ‚«‚Θ‚Ά,V,1,2
‰®,‚Ν‚Β‚ ‚³‚Π,V,1,2
‰—’,‚Ν‚Β‚ ‚η‚µ,H,1,2
‰θΕ,‚Ν‚Β‚ ‚η‚κ,“~,1,2
‰s,‚Ν‚Β‚Ά‚Ώ,V,1,2
‰ις,‚Ν‚Β‚¤‚®‚Ά‚·,t,1,2
‰ί,‚Ν‚Β‚¤‚ά,t,1,2
‰”„,‚Ν‚Β‚¤‚θ,V,1,2
‰Ξη,‚Ν‚Β‚¦‚‚¨,V,1,2
‰‰α,‚Ν‚Β‚©,t,1,2
‰‹Ύ,‚Ν‚Β‚©‚‚έ,V,1,2
‰P,‚Ν‚Β‚‚³‚Λ,V,1,2
‰‰ΰ,‚Ν‚Β‚‚·‚έ,V,1,2
‰,‚Ν‚Β‚‚Β‚¨,‰Δ,1,2
‰,‚Ν‚Β‚‚ά,V,1,2
‰”―,‚Ν‚Β‚‚έ,V,1,2
‰ιλ,‚Ν‚Β‚‚η‚·,V,1,2
‰ε,‚Ν‚Β‚©‚θ,H,1,2
‰^,‚Ν‚Β‚©‚ν‚Έ,t,1,2
—t,‚Ν‚Γ‚«,H,1,1
—t’,‚Ν‚Γ‚«‚µ‚¨,H,2,3
‰‹ε‰ο,‚Ν‚Β‚­‚©‚Ά,V,1,2
‰~,‚Ν‚Β‚­‚θ‚β,V,1,2
‰mΓ,‚Ν‚Β‚°‚Ά‚±,V,1,2
‰iF,‚Ν‚Β‚°‚µ‚«,V,1,2
‰Ί,‚Ν‚Β‚²‚¦,V,1,2
‰•X,‚Ν‚Β‚²‚¨‚θ,“~,1,2
‰“•—,‚Ν‚Β‚±‚Ώ,V,1,2
‰—ο,‚Ν‚Β‚²‚ζ‚έ,V,1,2
”ρ,‚Ν‚Α‚³‚­,t,,
‰χ,‚Ν‚Β‚΄‚­‚η,t,1,2
‰ψ,‚Ν‚Β‚³‚―,H,1,2
‰R‰Ν,‚Ν‚Β‚³‚ρ‚,V,1,2
‰‚³‚ρ‚ά,‚Ν‚Β‚³‚ρ‚ά,H,1,2
‰’,‚Ν‚Β‚µ‚¨,H,1,2
‰‰J,‚Ν‚Β‚µ‚®‚κ,“~,1,2
‰d–,‚Ν‚Β‚µ‚²‚Ζ,V,1,2
‰“‰_,‚Ν‚Β‚µ‚Μ‚Μ‚ί,V,1,2
‰Ε‹,‚Ν‚Β‚µ‚Ξ‚Ά,V,1,2
‰‘,‚Ν‚Β‚µ‚ΰ,“~,1,2
‰Κ^,‚Ν‚Β‚µ‚α‚µ‚ρ,V,1,2
‰ΌβΫ,‚Ν‚Β‚µ‚ε‚¤‚η‚Ά,V,1,2
‰,‚Ν‚Β‚·‚Έ‚ί,V,1,2
‰¥,‚Ν‚Β‚·‚Έ‚θ,V,1,2
‰ό,‚Ν‚Β‚Έ‚θ,V,1,2
‰βϊ,‚Ν‚Β‚Ή‚θ,V,1,2
‰‘\‰δ,‚Ν‚Β‚»‚,V,1,2
‰‹σ,‚Ν‚Β‚Ό‚η,V,1,2
??,‚Ξ‚Α‚½,H,,
”ςε›,‚Ξ‚Α‚½,H,,
‰—·,‚Ν‚Β‚½‚Ρ,V,1,2
‰•Φ‚θ,‚Ν‚Β‚½‚ζ‚θ,V,1,2
‰’ƒ“’,‚Ν‚Β‚Ώ‚α‚Μ‚δ,V,1,2
‰’±,‚Ν‚Β‚Ώ‚ε‚¤,t,1,2
‰θ…,‚Ν‚Β‚Ώ‚ε‚¤‚Έ,V,1,2
‰θ•€,‚Ν‚Β‚Ώ‚ε‚¤‚Θ,V,1,2
‰’}”g,‚Ν‚Β‚Β‚­‚Ξ,V,1,2
‰‰,‚Ν‚Β‚Β‚Ξ‚ί,t,1,2
‰“_‘O,‚Ν‚Β‚Δ‚ά‚¦,V,1,2
‰“dΤ,‚Ν‚Β‚Ε‚ρ‚µ‚α,V,1,2
‰“V_,‚Ν‚Β‚Δ‚ρ‚¶‚ρ,V,1,2
‰“db,‚Ν‚Β‚Ε‚ρ‚ν,V,1,2
‰{,‚Ν‚Β‚Η‚θ,V,1,2
‰‹ƒ,‚Ν‚Β‚Θ‚«,V,1,2
‰“β,‚Ν‚Β‚Θ‚¬,V,1,2
‰‰Χ,‚Ν‚Β‚Ι,V,1,2
‰“ϊ‹L,‚Ν‚Β‚Ι‚Α‚«,V,1,2
‰‰Ή,‚Ν‚Β‚Λ,t,1,2
‰Qo,‚Ν‚Β‚Λ‚΄‚ί,V,1,2
‰κ,‚Ν‚Β‚Ξ‚µ‚ε,V,1,2
